-- MySQL Script generated by MySQL Workbench
-- Wed May 20 15:05:16 2020
-- Model: New Model    Version: 1.0
-- MySQL Workbench Forward Engineering

SET @OLD_UNIQUE_CHECKS=@@UNIQUE_CHECKS, UNIQUE_CHECKS=0;
SET @OLD_FOREIGN_KEY_CHECKS=@@FOREIGN_KEY_CHECKS, FOREIGN_KEY_CHECKS=0;
SET @OLD_SQL_MODE=@@SQL_MODE, SQL_MODE='ONLY_FULL_GROUP_BY,STRICT_TRANS_TABLES,NO_ZERO_IN_DATE,NO_ZERO_DATE,ERROR_FOR_DIVISION_BY_ZERO,NO_ENGINE_SUBSTITUTION';

-- -----------------------------------------------------
-- Schema db_partidos
-- -----------------------------------------------------
DROP SCHEMA IF EXISTS `db_partidos` ;

-- -----------------------------------------------------
-- Schema db_partidos
-- -----------------------------------------------------
CREATE SCHEMA IF NOT EXISTS `db_partidos` DEFAULT CHARACTER SET utf8 ;
USE `db_partidos` ;

-- -----------------------------------------------------
-- Table `db_partidos`.`jugadores`
-- -----------------------------------------------------
CREATE TABLE IF NOT EXISTS `db_partidos`.`jugadores` (
  `id_jugador` INT NOT NULL,
  `nombre` VARCHAR(45) NOT NULL,
  `posicion` VARCHAR(45) NOT NULL,
  `fecha_nto` DATE NULL,
  PRIMARY KEY (`id_jugador`))
ENGINE = InnoDB;


-- -----------------------------------------------------
-- Table `db_partidos`.`estadios`
-- -----------------------------------------------------
CREATE TABLE IF NOT EXISTS `db_partidos`.`estadios` (
  `codigo` VARCHAR(2) NOT NULL,
  `nombre` VARCHAR(45) NULL,
  `capacidad` INT NULL,
  `ciudad` VARCHAR(45) NULL,
  PRIMARY KEY (`codigo`))
ENGINE = InnoDB;


-- -----------------------------------------------------
-- Table `db_partidos`.`equipos`
-- -----------------------------------------------------
CREATE TABLE IF NOT EXISTS `db_partidos`.`equipos` (
  `id_equipo` VARCHAR(2) NOT NULL,
  `nombre` VARCHAR(45) NULL,
  `año_fundacion` YEAR(4) NULL,
  `id_estadio` VARCHAR(2) NULL,
  `ciudad` VARCHAR(45) NULL,
  PRIMARY KEY (`id_equipo`),
  INDEX `id_estadio_idx` (`id_estadio` ASC) VISIBLE,
  CONSTRAINT `fk_equipos_estadio`
    FOREIGN KEY (`id_estadio`)
    REFERENCES `db_partidos`.`estadios` (`codigo`)
    ON DELETE NO ACTION
    ON UPDATE NO ACTION)
ENGINE = InnoDB;


-- -----------------------------------------------------
-- Table `db_partidos`.`partidos`
-- -----------------------------------------------------
CREATE TABLE IF NOT EXISTS `db_partidos`.`partidos` (
  `id_partido` INT NOT NULL,
  `fecha` DATE NOT NULL,
  `id_equipo_casa` VARCHAR(2) NOT NULL,
  `id_equipo_vist` VARCHAR(2) NOT NULL,
  `id_estadio` VARCHAR(2) NOT NULL,
  `goles_casa` INT NOT NULL,
  `goles_visit` INT NOT NULL,
  PRIMARY KEY (`id_partido`),
  INDEX `id_equipo_casa_idx` (`id_equipo_casa` ASC) INVISIBLE,
  INDEX `id_equipo_vist_idx` (`id_equipo_vist` ASC) VISIBLE,
  INDEX `fk_estadio_idx` (`id_estadio` ASC) VISIBLE,
  CONSTRAINT `fk_partidos_equipo_casa`
    FOREIGN KEY (`id_equipo_casa`)
    REFERENCES `db_partidos`.`equipos` (`id_equipo`)
    ON DELETE NO ACTION
    ON UPDATE NO ACTION,
  CONSTRAINT `fk_partidos_equipo_vist`
    FOREIGN KEY (`id_equipo_vist`)
    REFERENCES `db_partidos`.`equipos` (`id_equipo`)
    ON DELETE NO ACTION
    ON UPDATE NO ACTION,
  CONSTRAINT `fk_partidos_estadio`
    FOREIGN KEY (`id_estadio`)
    REFERENCES `db_partidos`.`estadios` (`codigo`)
    ON DELETE NO ACTION
    ON UPDATE NO ACTION)
ENGINE = InnoDB;


-- -----------------------------------------------------
-- Table `db_partidos`.`goles`
-- -----------------------------------------------------
CREATE TABLE IF NOT EXISTS `db_partidos`.`goles` (
  `minuto` SMALLINT(2) NOT NULL,
  `id_partido` INT NOT NULL,
  `id_jugador` INT NOT NULL,
  `descripcion` VARCHAR(45) NULL,
  PRIMARY KEY (`id_partido`, `id_jugador`, `minuto`),
  INDEX `id_jugador_idx` (`id_jugador` ASC) VISIBLE,
  INDEX `id_partido_idx` (`id_partido` ASC) VISIBLE,
  CONSTRAINT `fk_goles_jugador`
    FOREIGN KEY (`id_jugador`)
    REFERENCES `db_partidos`.`jugadores` (`id_jugador`)
    ON DELETE NO ACTION
    ON UPDATE NO ACTION,
  CONSTRAINT `fk_goles_partido`
    FOREIGN KEY (`id_partido`)
    REFERENCES `db_partidos`.`partidos` (`id_partido`)
    ON DELETE NO ACTION
    ON UPDATE NO ACTION)
ENGINE = InnoDB;


-- -----------------------------------------------------
-- Table `db_partidos`.`jugadores_x_equipo`
-- -----------------------------------------------------
CREATE TABLE IF NOT EXISTS `db_partidos`.`jugadores_x_equipo` (
  `id_jugador` INT NOT NULL,
  `id_equipo` VARCHAR(2) NOT NULL,
  `fecha_inicial` DATE NOT NULL,
  `fecha_final` DATE NULL DEFAULT NULL,
  PRIMARY KEY (`id_jugador`, `id_equipo`, `fecha_inicial`),
  INDEX `id_equipo_idx` (`id_equipo` ASC) VISIBLE,
  CONSTRAINT `fk_jxe_jugador`
    FOREIGN KEY (`id_jugador`)
    REFERENCES `db_partidos`.`jugadores` (`id_jugador`)
    ON DELETE NO ACTION
    ON UPDATE NO ACTION,
  CONSTRAINT `fk_jxe_equipo`
    FOREIGN KEY (`id_equipo`)
    REFERENCES `db_partidos`.`equipos` (`id_equipo`)
    ON DELETE NO ACTION
    ON UPDATE NO ACTION)
ENGINE = InnoDB;

USE `db_partidos` ;

-- -----------------------------------------------------
-- procedure init_data
-- -----------------------------------------------------

DELIMITER $$
USE `db_partidos`$$
CREATE PROCEDURE `init_data` ()
BEGIN
	INSERT INTO jugadores VALUES
		(123,'Juan Gomez','Delantero','1987-02-10'),
		(456,'David Perez','Delantero','1999-06-04'),
		(345,'Carlos Lopez','Arquero','1997-07-01'),
		(789,'Estaban Ramirez','Defensa','1999-06-04'),
		(652,'Daniel Holguin','Defensa','2000-06-25'),
		(632,'Javier Ortiz','Volante','2000-07-12'),
		(854,'Camilo Upegui','Volante','1995-07-05'),
		(145,'Daniel Sanchez','Arquero','1989-12-06'),
		(951,'Marcelo Cepeda','Defensa','1982-01-30');
	
	INSERT INTO estadios VALUES
        ('1A','Atanasio',55000,'Medellin'),
        ('1B','El campin',56000,'Bogotá'),
        ('3D','Guerrero',4000,'Cali'),
        ('4G','Metropolitano',11000,'Barranquilla');
        
	INSERT INTO equipos VALUES
        ('AA','Medellin',1997,'1A','Medellin'),
        ('AB','Nacional',1913,'1A','Medellin'),
        ('AC','Millonarios',1956,'1B','Bogotá'),
        ('DE','Cali',1975,'3D','Cali'),
        ('EA','Junior',1987,'4G','Barranquilla'),
        ('FF','Envigado',1965,'1A','Envigado');
	
	INSERT INTO partidos VALUES
        (1,'2017-02-01','AA','AB','1A',1,1),
        (2,'2017-02-01','AC','DE','1B',1,0),
        (3,'2017-02-15','EA','FF','1A',0,0),
        (4,'2017-02-28','FF','AA','1A',1,2),
        (5,'2017-03-15','DE','FF','3D',1,0);
        
	INSERT INTO goles VALUES
        (12,1,123,'gol en minuto 12'),
        (45,1,456,'gol en minuto 45'),
        (45,2,345,'gol en minuto 45'),
        (60,4,145,'gol en minuto 60'),
        (89,4,123,'gol en minuto 89'),
        (90,4,123,'gol en minuto 90'),
        (56,5,789,'gol en minuto 56');
	
	INSERT INTO jugadores_x_equipo VALUES
        (123,'AA','2016-01-01',NULL),
		(456,'AB','2015-07-01','2015-12-31'),
		(456,'AB','2017-01-01',NULL),
		(345,'AC','2017-03-01',NULL),
		(789,'DE','2017-03-04',NULL),
		(854,'EA','2017-06-05',NULL),
		(145,'FF','2016-02-01',NULL),
		(951,'AA','2013-05-06','2014-05-06'),
		(951,'DE','2015-06-06',NULL),
		(652,'AA','2014-08-16','2016-11-30'),
		(652,'AB','2017-07-11',NULL);
	
END$$

DELIMITER ;

USE db_partidos;
CALL init_data();

SET SQL_MODE=@OLD_SQL_MODE;
SET FOREIGN_KEY_CHECKS=@OLD_FOREIGN_KEY_CHECKS;
SET UNIQUE_CHECKS=@OLD_UNIQUE_CHECKS;
